{"client_meta":{"background_color":{"r":0.11764705926179886,"g":0.11764705926179886,"b":0.11764705926179886,"a":1},"thumbnail_size":{"width":400,"height":182},"render_coordinates":{"x":-1328,"y":0,"width":2736,"height":1244}},"file_name":"Author Website Design","developer_related_links":[],"exported_at":"2026-07-09T19:52:14.934Z"}